<?xml version="1.0" encoding="utf-8" standalone="yes"?><rss version="2.0" xmlns:atom="http://www.w3.org/2005/Atom"><channel><title>Categories on JazzVibe</title><link>/categories/</link><description>Recent content in Categories on JazzVibe</description><generator>Hugo -- gohugo.io</generator><managingEditor>youremail@domain.com (Some Person)</managingEditor><webMaster>youremail@domain.com (Some Person)</webMaster><lastBuildDate>Sun, 09 Jun 2024 00:00:00 +0000</lastBuildDate><atom:link href="/categories/index.xml" rel="self" type="application/rss+xml"/><item><title>news</title><link>/categories/news/</link><pubDate>Sun, 09 Jun 2024 00:00:00 +0000</pubDate><author>youremail@domain.com (Some Person)</author><guid>/categories/news/</guid><description/></item></channel></rss>